date,issue,offer_bln,demand_bln,placement_bln,weighted_avg_yield,curve_yield
2014-01-01,ОФЗ-26200,120.53,241.08,120.53,8.041,8.0
2014-01-03,ОФЗ-26201,134.65,219.17,134.65,8.126,8.031
2014-01-08,ОФЗ-26202,140.87,259.0,140.87,8.352,8.11
2014-01-15,ОФЗ-26203,150.78,308.91,150.78,8.201,8.216
2014-01-17,ОФЗ-26204,150.89,327.74,150.89,8.457,8.246
2014-01-22,ОФЗ-26205,142.61,244.17,142.61,8.382,8.318
2014-01-29,ОФЗ-26206,124.2,285.71,124.2,8.489,8.411
2014-01-31,ОФЗ-26207,129.46,242.93,129.46,8.614,8.436
2014-02-05,ОФЗ-26208,110.79,196.2,110.79,8.737,8.495
2014-02-12,ОФЗ-26209,96.28,214.88,96.28,8.68,8.566
2014-02-14,ОФЗ-26210,109.45,194.21,109.45,8.757,8.584
2014-02-19,ОФЗ-26211,91.96,172.8,91.96,8.63,8.624
2014-02-26,ОФЗ-26212,114.54,189.31,114.54,8.703,8.666
2014-02-28,ОФЗ-26213,106.4,167.65,106.4,8.647,8.675
2014-03-05,ОФЗ-26214,113.92,227.07,113.92,8.73,8.691
2014-03-12,ОФЗ-26215,117.08,228.68,117.08,8.825,8.7
2014-03-14,ОФЗ-26216,152.61,352.63,152.61,8.796,8.699
2014-03-19,ОФЗ-26217,142.87,233.85,142.87,8.91,8.691
2014-03-26,ОФЗ-26218,125.96,193.88,125.96,8.91,8.666
2014-03-28,ОФЗ-26219,150.31,260.59,150.31,8.724,8.655
2014-04-02,ОФЗ-26220,134.29,314.29,134.29,8.649,8.624
2014-04-09,ОФЗ-26221,111.34,239.4,111.34,8.739,8.566
2014-04-11,ОФЗ-26222,121.47,255.04,121.47,8.728,8.547
2014-04-16,ОФЗ-26223,83.03,174.84,83.03,8.61,8.495
2014-04-23,ОФЗ-26224,89.64,155.33,89.64,8.548,8.411
2014-04-25,ОФЗ-26225,92.61,214.05,92.61,8.51,8.386
2014-04-30,ОФЗ-26226,104.97,199.7,104.97,8.319,8.318
2014-05-07,ОФЗ-26227,128.49,265.42,128.49,8.199,8.216
2014-05-09,ОФЗ-26228,113.24,246.55,113.24,8.262,8.186
2014-05-14,ОФЗ-26229,130.83,231.67,130.83,8.173,8.11
2014-05-21,ОФЗ-26230,162.56,270.13,162.56,8.102,8.0
2014-05-23,ОФЗ-26231,142.96,253.87,142.96,8.038,7.969
2014-05-28,ОФЗ-26232,148.68,297.13,148.68,7.834,7.89
2014-06-04,ОФЗ-26233,128.41,203.7,128.41,7.695,7.784
2014-06-06,ОФЗ-26234,150.37,298.91,150.37,7.893,7.754
2014-06-11,ОФЗ-26235,117.91,231.38,117.91,7.709,7.682
2014-06-18,ОФЗ-26236,109.47,168.22,109.47,7.65,7.589
2014-06-20,ОФЗ-26237,105.34,182.08,105.34,7.599,7.564
2014-06-25,ОФЗ-26238,97.31,186.6,97.31,7.512,7.505
2014-07-02,ОФЗ-26239,92.75,144.04,92.75,7.438,7.434
2014-07-04,ОФЗ-26240,100.08,207.57,100.08,7.577,7.416
2014-07-09,ОФЗ-26241,120.36,250.86,120.36,7.437,7.376
2014-07-16,ОФЗ-26242,140.66,290.08,140.66,7.465,7.334
2014-07-18,ОФЗ-26243,125.75,229.05,125.75,7.467,7.325
2014-07-23,ОФЗ-26244,133.87,217.32,133.87,7.414,7.309
2014-07-30,ОФЗ-26245,138.35,235.61,138.35,7.444,7.3
2014-08-01,ОФЗ-26246,166.42,313.73,166.42,7.382,7.301
2014-08-06,ОФЗ-26247,142.27,267.85,142.27,7.498,7.309
2014-08-13,ОФЗ-26248,137.22,279.1,137.22,7.48,7.334
2014-08-15,ОФЗ-26249,129.19,237.47,129.19,7.501,7.345
2014-08-20,ОФЗ-26250,129.37,245.96,129.37,7.381,7.376
2014-08-27,ОФЗ-26251,96.78,185.31,96.78,7.535,7.434
2014-08-29,ОФЗ-26252,87.77,134.02,87.77,7.386,7.453
2014-09-03,ОФЗ-26253,110.06,201.64,110.06,7.697,7.505
2014-09-10,ОФЗ-26254,109.76,189.46,109.76,7.619,7.589
2014-09-12,ОФЗ-26255,109.95,183.07,109.95,7.656,7.614
2014-09-17,ОФЗ-26256,129.87,245.85,129.87,7.653,7.682
2014-09-24,ОФЗ-26257,137.81,320.19,137.81,7.861,7.784
2014-09-26,ОФЗ-26258,150.02,293.98,150.02,7.872,7.814
2014-10-01,ОФЗ-26259,145.75,301.78,145.75,8.116,7.891
2014-10-08,ОФЗ-26260,150.59,317.66,150.59,8.149,8.0
2014-10-10,ОФЗ-26261,145.45,296.25,145.45,8.071,8.032
2014-10-15,ОФЗ-26262,130.07,281.03,130.07,8.058,8.111
2014-10-22,ОФЗ-26263,114.74,195.27,114.74,8.123,8.224
2014-10-24,ОФЗ-26264,108.56,206.26,108.56,8.259,8.258
2014-10-29,ОФЗ-26265,103.82,209.62,103.82,8.331,8.349
2014-11-05,ОФЗ-26266,91.42,190.4,91.42,8.654,8.516
2014-11-07,ОФЗ-26267,98.67,213.59,98.67,8.689,8.58
2014-11-12,ОФЗ-26268,102.64,196.31,102.64,8.953,8.788
2014-11-19,ОФЗ-26269,114.49,211.54,114.49,9.437,9.241
2014-11-21,ОФЗ-26270,119.37,172.28,119.37,9.738,9.41
2014-11-26,ОФЗ-26271,124.9,209.16,124.9,10.238,9.906
2014-12-03,ОФЗ-26272,139.59,153.07,137.7,11.327,10.679
2014-12-05,ОФЗ-26273,130.41,109.93,100.42,11.663,10.885
2014-12-10,ОФЗ-26274,143.68,102.85,87.52,12.098,11.301
2014-12-17,ОФЗ-26275,128.69,90.96,79.45,12.408,11.495
2014-12-19,ОФЗ-26276,133.47,69.05,62.03,12.158,11.451
2014-12-24,ОФЗ-26277,115.49,91.14,76.02,11.784,11.162
2014-12-31,ОФЗ-26278,88.9,75.53,64.4,11.092,10.47
2015-01-02,ОФЗ-26279,119.71,167.45,119.71,10.866,10.248
2015-01-07,ОФЗ-26280,94.03,130.99,94.03,10.083,9.712
2015-01-14,ОФЗ-26281,108.66,194.51,108.66,9.514,9.108
2015-01-16,ОФЗ-26282,95.21,153.69,95.21,9.063,8.976
2015-01-21,ОФЗ-26283,121.97,193.94,121.97,8.807,8.718
2015-01-28,ОФЗ-26284,115.59,160.58,115.59,8.6,8.487
2015-01-30,ОФЗ-26285,130.84,273.34,130.84,8.572,8.439
2015-02-04,ОФЗ-26286,130.37,202.87,130.37,8.378,8.339
2015-02-11,ОФЗ-26287,165.8,291.22,165.8,8.218,8.221
2015-02-13,ОФЗ-26288,142.65,321.4,142.65,8.32,8.189
2015-02-18,ОФЗ-26289,146.49,276.78,146.49,8.201,8.11
2015-02-25,ОФЗ-26200,129.59,238.66,129.59,8.053,8.0
2015-02-27,ОФЗ-26201,121.0,227.63,121.0,8.089,7.969
2015-03-04,ОФЗ-26202,113.61,226.27,113.61,7.96,7.891
2015-03-11,ОФЗ-26203,108.46,218.88,108.46,7.853,7.784
2015-03-13,ОФЗ-26204,101.22,174.32,101.22,7.82,7.754
2015-03-18,ОФЗ-26205,96.89,189.12,96.89,7.697,7.682
2015-03-25,ОФЗ-26206,108.5,205.72,108.5,7.595,7.589
2015-03-27,ОФЗ-26207,123.7,251.22,123.7,7.602,7.564
2015-04-01,ОФЗ-26208,116.67,186.1,116.67,7.588,7.505
2015-04-08,ОФЗ-26209,120.82,225.79,120.82,7.364,7.434
2015-04-10,ОФЗ-26210,130.34,269.87,130.34,7.571,7.416
2015-04-15,ОФЗ-26211,136.23,249.31,136.23,7.458,7.376
2015-04-22,ОФЗ-26212,135.36,189.03,135.36,7.329,7.334
2015-04-24,ОФЗ-26213,133.09,246.95,133.09,7.535,7.325
2015-04-29,ОФЗ-26214,130.35,258.23,130.35,7.392,7.309
2015-05-06,ОФЗ-26215,116.0,229.3,116.0,7.273,7.3
2015-05-08,ОФЗ-26216,111.36,233.7,111.36,7.506,7.301
2015-05-13,ОФЗ-26217,94.29,195.43,94.29,7.497,7.309
2015-05-20,ОФЗ-26218,102.96,187.58,102.96,7.342,7.334
2015-05-22,ОФЗ-26219,99.86,184.2,99.86,7.399,7.345
2015-05-27,ОФЗ-26220,113.54,234.22,113.54,7.42,7.376
2015-06-03,ОФЗ-26221,121.97,200.82,121.97,7.363,7.434
2015-06-05,ОФЗ-26222,117.2,250.72,117.2,7.559,7.453
2015-06-10,ОФЗ-26223,142.06,253.93,142.06,7.653,7.505
2015-06-17,ОФЗ-26224,145.11,269.46,145.11,7.721,7.589
2015-06-19,ОФЗ-26225,150.79,306.91,150.79,7.697,7.614
2015-06-24,ОФЗ-26226,149.89,240.15,149.89,7.838,7.682
2015-07-01,ОФЗ-26227,133.7,237.52,133.7,7.773,7.784
2015-07-03,ОФЗ-26228,131.36,294.91,131.36,8.039,7.814
2015-07-08,ОФЗ-26229,117.74,257.22,117.74,7.909,7.89
2015-07-15,ОФЗ-26230,96.6,180.38,96.6,8.027,8.0
2015-07-17,ОФЗ-26231,82.98,157.5,82.98,8.065,8.031
2015-07-22,ОФЗ-26232,89.81,160.7,89.81,8.138,8.11
2015-07-29,ОФЗ-26233,99.74,205.09,99.74,8.281,8.216
2015-07-31,ОФЗ-26234,109.58,179.67,109.58,8.307,8.246
2015-08-05,ОФЗ-26235,116.94,211.52,116.94,8.408,8.318
2015-08-12,ОФЗ-26236,124.91,265.86,124.91,8.426,8.411
2015-08-14,ОФЗ-26237,126.18,214.17,126.18,8.53,8.436
2015-08-19,ОФЗ-26238,139.14,230.41,139.14,8.488,8.495
2015-08-26,ОФЗ-26239,137.13,247.48,137.13,8.705,8.566
2015-08-28,ОФЗ-26240,127.2,230.73,127.2,8.722,8.584
2015-09-02,ОФЗ-26241,125.95,198.28,125.95,8.703,8.624
2015-09-09,ОФЗ-26242,134.61,277.79,134.61,8.694,8.666
2015-09-11,ОФЗ-26243,133.65,280.62,133.65,8.78,8.675
2015-09-16,ОФЗ-26244,113.36,213.2,113.36,8.7,8.691
2015-09-23,ОФЗ-26245,96.16,203.76,96.16,8.783,8.7
2015-09-25,ОФЗ-26246,84.21,158.42,84.21,8.767,8.699
2015-09-30,ОФЗ-26247,94.93,155.61,94.93,8.982,8.691
2015-10-07,ОФЗ-26248,111.19,234.81,111.19,8.648,8.666
2015-10-09,ОФЗ-26249,117.21,223.38,117.21,8.522,8.655
2015-10-14,ОФЗ-26250,127.92,259.97,127.92,8.653,8.624
2015-10-21,ОФЗ-26251,147.14,254.9,147.14,8.509,8.566
2015-10-23,ОФЗ-26252,156.12,301.67,156.12,8.569,8.547
2015-10-28,ОФЗ-26253,141.58,245.4,141.58,8.471,8.495
2015-11-04,ОФЗ-26254,163.68,285.5,163.68,8.419,8.411
2015-11-06,ОФЗ-26255,122.15,240.78,122.15,8.38,8.386
2015-11-11,ОФЗ-26256,122.07,233.11,122.07,8.475,8.318
2015-11-18,ОФЗ-26257,113.3,228.07,113.3,8.292,8.216
2015-11-20,ОФЗ-26258,111.72,178.03,111.72,8.352,8.186
2015-11-25,ОФЗ-26259,97.31,176.45,97.31,8.193,8.11
2015-12-02,ОФЗ-26260,91.22,167.48,91.22,8.154,8.0
2015-12-04,ОФЗ-26261,113.84,204.64,113.84,8.024,7.969
2015-12-09,ОФЗ-26262,98.19,213.49,98.19,8.098,7.89
2015-12-16,ОФЗ-26263,109.43,189.24,109.43,7.901,7.784
2015-12-18,ОФЗ-26264,135.94,261.31,135.94,7.772,7.754
2015-12-23,ОФЗ-26265,140.49,224.21,140.49,7.812,7.682
2015-12-30,ОФЗ-26266,152.53,263.64,152.53,7.671,7.589
2016-01-01,ОФЗ-26267,146.38,230.91,146.38,7.627,7.564
2016-01-06,ОФЗ-26268,132.37,233.0,132.37,7.593,7.505
2016-01-13,ОФЗ-26269,133.35,252.82,133.35,7.574,7.434
2016-01-15,ОФЗ-26270,116.19,266.64,116.19,7.326,7.416
2016-01-20,ОФЗ-26271,118.33,220.49,118.33,7.428,7.376
2016-01-27,ОФЗ-26272,106.92,203.06,106.92,7.469,7.334
2016-01-29,ОФЗ-26273,107.37,174.0,107.37,7.425,7.325
2016-02-03,ОФЗ-26274,94.33,184.24,94.33,7.299,7.309
2016-02-10,ОФЗ-26275,105.41,241.9,105.41,7.191,7.3
2016-02-12,ОФЗ-26276,95.31,205.54,95.31,7.517,7.301
2016-02-17,ОФЗ-26277,120.58,212.69,120.58,7.374,7.309
2016-02-24,ОФЗ-26278,134.82,234.12,134.82,7.535,7.334
2016-02-26,ОФЗ-26279,127.3,234.17,127.3,7.488,7.345
2016-03-02,ОФЗ-26280,146.09,250.71,146.09,7.393,7.376
2016-03-09,ОФЗ-26281,153.36,376.64,153.36,7.314,7.434
2016-03-11,ОФЗ-26282,144.0,275.51,144.0,7.496,7.453
2016-03-16,ОФЗ-26283,130.0,258.98,130.0,7.582,7.505
2016-03-23,ОФЗ-26284,122.63,209.94,122.63,7.705,7.589
2016-03-25,ОФЗ-26285,120.81,224.91,120.81,7.606,7.614
2016-03-30,ОФЗ-26286,98.67,204.12,98.67,7.776,7.682
2016-04-06,ОФЗ-26287,87.82,161.64,87.82,7.878,7.784
2016-04-08,ОФЗ-26288,99.24,194.57,99.24,7.973,7.814
2016-04-13,ОФЗ-26289,103.67,187.29,103.67,7.946,7.89
2016-04-20,ОФЗ-26200,125.58,255.88,125.58,8.115,8.0
2016-04-22,ОФЗ-26201,118.18,212.03,118.18,8.134,8.031
2016-04-27,ОФЗ-26202,115.13,205.67,115.13,8.26,8.11
2016-05-04,ОФЗ-26203,155.43,217.44,155.43,8.231,8.216
2016-05-06,ОФЗ-26204,150.29,297.14,150.29,8.08,8.246
2016-05-11,ОФЗ-26205,128.95,248.59,128.95,8.379,8.318
2016-05-18,ОФЗ-26206,131.62,196.29,131.62,8.473,8.411
2016-05-20,ОФЗ-26207,132.65,265.04,132.65,8.424,8.436
2016-05-25,ОФЗ-26208,132.69,228.71,132.69,8.454,8.495
2016-06-01,ОФЗ-26209,90.43,195.44,90.43,8.6,8.566
2016-06-03,ОФЗ-26210,104.35,216.49,104.35,8.655,8.584
2016-06-08,ОФЗ-26211,103.84,194.22,103.84,8.711,8.624
2016-06-15,ОФЗ-26212,72.92,163.8,72.92,8.563,8.666
2016-06-17,ОФЗ-26213,103.05,235.98,103.05,8.614,8.675
2016-06-22,ОФЗ-26214,111.28,191.33,111.28,8.862,8.691
2016-06-29,ОФЗ-26215,113.23,185.03,113.23,8.765,8.7
2016-07-01,ОФЗ-26216,115.58,165.51,115.58,8.779,8.699
2016-07-06,ОФЗ-26217,128.76,243.15,128.76,8.665,8.691
2016-07-13,ОФЗ-26218,123.03,224.51,123.03,8.745,8.666
2016-07-15,ОФЗ-26219,142.38,295.29,142.38,8.705,8.655
2016-07-20,ОФЗ-26220,144.17,247.65,144.17,8.654,8.624
2016-07-27,ОФЗ-26221,120.78,202.87,120.78,8.529,8.566
2016-07-29,ОФЗ-26222,133.76,229.92,133.76,8.558,8.547
2016-08-03,ОФЗ-26223,114.84,182.14,114.84,8.733,8.495
2016-08-10,ОФЗ-26224,102.22,194.09,102.22,8.463,8.411
2016-08-12,ОФЗ-26225,94.37,176.23,94.37,8.529,8.386
2016-08-17,ОФЗ-26226,100.95,201.65,100.95,8.382,8.318
2016-08-24,ОФЗ-26227,111.22,204.5,111.22,8.271,8.216
2016-08-26,ОФЗ-26228,101.09,164.48,101.09,8.215,8.186
2016-08-31,ОФЗ-26229,121.29,244.77,121.29,8.297,8.11
2016-09-07,ОФЗ-26230,137.79,271.63,137.79,8.11,8.0
2016-09-09,ОФЗ-26231,139.0,315.59,139.0,7.985,7.969
2016-09-14,ОФЗ-26232,156.34,319.46,156.34,7.939,7.89
2016-09-21,ОФЗ-26233,138.31,253.44,138.31,7.95,7.784
2016-09-23,ОФЗ-26234,139.04,240.76,139.04,7.607,7.754
2016-09-28,ОФЗ-26235,128.48,248.05,128.48,7.787,7.682
2016-10-05,ОФЗ-26236,124.59,227.51,124.59,7.712,7.589
2016-10-07,ОФЗ-26237,111.84,220.83,111.84,7.584,7.564
2016-10-12,ОФЗ-26238,97.86,223.98,97.86,7.597,7.505
2016-10-19,ОФЗ-26239,108.66,183.55,108.66,7.554,7.434
2016-10-21,ОФЗ-26240,109.48,211.35,109.48,7.397,7.416
2016-10-26,ОФЗ-26241,95.52,183.91,95.52,7.524,7.376
2016-11-02,ОФЗ-26242,99.63,189.55,99.63,7.438,7.334
2016-11-04,ОФЗ-26243,130.1,226.65,130.1,7.393,7.325
2016-11-09,ОФЗ-26244,130.91,252.1,130.91,7.397,7.309
2016-11-16,ОФЗ-26245,143.94,272.75,143.94,7.437,7.3
2016-11-18,ОФЗ-26246,143.76,246.02,143.76,7.566,7.301
2016-11-23,ОФЗ-26247,138.53,231.18,138.53,7.437,7.309
2016-11-30,ОФЗ-26248,135.0,243.16,135.0,7.479,7.334
2016-12-02,ОФЗ-26249,140.12,235.9,140.12,7.44,7.345
2016-12-07,ОФЗ-26250,120.03,249.48,120.03,7.608,7.376
2016-12-14,ОФЗ-26251,110.79,222.72,110.79,7.396,7.434
2016-12-16,ОФЗ-26252,103.53,210.21,103.53,7.394,7.453
2016-12-21,ОФЗ-26253,88.17,156.13,88.17,7.597,7.505
2016-12-28,ОФЗ-26254,109.19,200.08,109.19,7.721,7.589
2016-12-30,ОФЗ-26255,102.9,182.7,102.9,7.488,7.614
2017-01-04,ОФЗ-26256,108.94,213.57,108.94,7.762,7.682
2017-01-11,ОФЗ-26257,126.85,243.6,126.85,7.849,7.784
2017-01-13,ОФЗ-26258,112.81,233.24,112.81,7.953,7.814
2017-01-18,ОФЗ-26259,133.52,211.61,133.52,8.005,7.89
2017-01-25,ОФЗ-26260,132.6,258.33,132.6,7.935,8.0
2017-01-27,ОФЗ-26261,145.93,250.91,145.93,8.025,8.031
2017-02-01,ОФЗ-26262,143.84,238.18,143.84,8.125,8.11
2017-02-08,ОФЗ-26263,129.43,232.33,129.43,8.355,8.216
2017-02-10,ОФЗ-26264,133.04,236.92,133.04,8.356,8.246
2017-02-15,ОФЗ-26265,99.72,190.8,99.72,8.348,8.318
2017-02-22,ОФЗ-26266,92.37,193.03,92.37,8.503,8.411
2017-02-24,ОФЗ-26267,99.94,170.32,99.94,8.432,8.436
2017-03-01,ОФЗ-26268,97.29,138.39,97.29,8.739,8.495
2017-03-08,ОФЗ-26269,92.01,190.08,92.01,8.692,8.566
2017-03-10,ОФЗ-26270,115.87,208.5,115.87,8.727,8.584
2017-03-15,ОФЗ-26271,129.93,278.92,129.93,8.814,8.624
2017-03-22,ОФЗ-26272,137.11,239.14,137.11,8.827,8.666
2017-03-24,ОФЗ-26273,125.39,222.03,125.39,8.757,8.675
2017-03-29,ОФЗ-26274,145.05,295.26,145.05,8.757,8.691
2017-04-05,ОФЗ-26275,146.1,282.14,146.1,8.883,8.7
2017-04-07,ОФЗ-26276,139.06,221.89,139.06,8.781,8.699
2017-04-12,ОФЗ-26277,143.45,258.52,143.45,8.711,8.691
2017-04-19,ОФЗ-26278,115.46,173.07,115.46,8.903,8.666
2017-04-21,ОФЗ-26279,128.54,294.17,128.54,8.66,8.655
2017-04-26,ОФЗ-26280,107.96,179.72,107.96,8.565,8.624
2017-05-03,ОФЗ-26281,97.27,197.52,97.27,8.726,8.566
2017-05-05,ОФЗ-26282,102.55,176.81,102.55,8.569,8.547
2017-05-10,ОФЗ-26283,111.67,201.64,111.67,8.61,8.495
2017-05-17,ОФЗ-26284,120.04,240.55,120.04,8.637,8.411
2017-05-19,ОФЗ-26285,116.98,206.03,116.98,8.356,8.386
2017-05-24,ОФЗ-26286,124.15,243.87,124.15,8.395,8.318
2017-05-31,ОФЗ-26287,132.87,261.31,132.87,8.415,8.216
2017-06-02,ОФЗ-26288,124.25,212.94,124.25,8.321,8.186
2017-06-07,ОФЗ-26289,146.04,254.22,146.04,8.175,8.11
2017-06-14,ОФЗ-26200,133.48,238.19,133.48,8.271,8.0
2017-06-16,ОФЗ-26201,130.0,206.59,130.0,8.041,7.969
2017-06-21,ОФЗ-26202,129.44,229.18,129.44,8.002,7.89
2017-06-28,ОФЗ-26203,104.41,189.8,104.41,7.996,7.784
2017-06-30,ОФЗ-26204,116.85,188.64,116.85,7.913,7.754
2017-07-05,ОФЗ-26205,91.29,145.39,91.29,7.868,7.682
2017-07-12,ОФЗ-26206,89.31,178.37,89.31,7.597,7.589
2017-07-14,ОФЗ-26207,89.36,168.56,89.36,7.742,7.564
2017-07-19,ОФЗ-26208,114.16,203.4,114.16,7.599,7.505
2017-07-26,ОФЗ-26209,134.02,235.05,134.02,7.454,7.434
2017-07-28,ОФЗ-26210,124.67,232.49,124.67,7.514,7.416
2017-08-02,ОФЗ-26211,130.6,224.4,130.6,7.472,7.376
2017-08-09,ОФЗ-26212,157.23,300.64,157.23,7.564,7.334
2017-08-11,ОФЗ-26213,133.04,221.02,133.04,7.436,7.325
2017-08-16,ОФЗ-26214,147.95,294.55,147.95,7.326,7.309
2017-08-23,ОФЗ-26215,121.42,222.91,121.42,7.299,7.3
2017-08-25,ОФЗ-26216,124.38,222.4,124.38,7.377,7.301
2017-08-30,ОФЗ-26217,118.08,255.54,118.08,7.281,7.309
2017-09-06,ОФЗ-26218,101.4,205.77,101.4,7.357,7.334
2017-09-08,ОФЗ-26219,93.52,184.4,93.52,7.405,7.345
2017-09-13,ОФЗ-26220,106.76,223.11,106.76,7.423,7.376
2017-09-20,ОФЗ-26221,106.66,234.68,106.66,7.572,7.434
2017-09-22,ОФЗ-26222,137.84,257.14,137.84,7.474,7.453
2017-09-27,ОФЗ-26223,106.36,151.01,106.36,7.387,7.505
2017-10-04,ОФЗ-26224,121.9,231.33,121.9,7.534,7.589
2017-10-06,ОФЗ-26225,147.06,244.38,147.06,7.693,7.614
2017-10-11,ОФЗ-26226,144.16,238.43,144.16,7.715,7.682
2017-10-18,ОФЗ-26227,148.75,316.18,148.75,7.765,7.784
2017-10-20,ОФЗ-26228,131.08,273.51,131.08,8.05,7.814
2017-10-25,ОФЗ-26229,130.97,217.02,130.97,8.037,7.89
2017-11-01,ОФЗ-26230,117.68,195.14,117.68,8.075,8.0
2017-11-03,ОФЗ-26231,105.12,194.34,105.12,8.13,8.031
2017-11-08,ОФЗ-26232,101.99,187.73,101.99,8.168,8.11
2017-11-15,ОФЗ-26233,84.12,166.19,84.12,8.196,8.216
2017-11-17,ОФЗ-26234,98.75,184.82,98.75,8.408,8.246
2017-11-22,ОФЗ-26235,112.46,196.56,112.46,8.466,8.318
2017-11-29,ОФЗ-26236,105.3,165.02,105.3,8.333,8.411
2017-12-01,ОФЗ-26237,109.62,215.82,109.62,8.535,8.436
2017-12-06,ОФЗ-26238,141.14,312.86,141.14,8.602,8.495
2017-12-13,ОФЗ-26239,132.39,262.4,132.39,8.621,8.566
2017-12-15,ОФЗ-26240,151.14,301.29,151.14,8.832,8.584
2017-12-20,ОФЗ-26241,144.56,279.48,144.56,8.863,8.624
2017-12-27,ОФЗ-26242,131.35,239.11,131.35,8.716,8.666
2017-12-29,ОФЗ-26243,142.27,303.22,142.27,8.737,8.675
2018-01-03,ОФЗ-26244,126.22,199.81,126.22,8.744,8.691
2018-01-10,ОФЗ-26245,105.66,227.69,105.66,8.731,8.7
2018-01-12,ОФЗ-26246,82.91,164.12,82.91,8.706,8.699
2018-01-17,ОФЗ-26247,101.05,181.72,101.05,8.812,8.691
2018-01-24,ОФЗ-26248,89.58,199.28,89.58,8.903,8.666
2018-01-26,ОФЗ-26249,99.12,222.96,99.12,8.859,8.655
2018-01-31,ОФЗ-26250,110.63,197.21,110.63,8.767,8.624
2018-02-07,ОФЗ-26251,142.33,296.05,142.33,8.454,8.566
2018-02-09,ОФЗ-26252,129.59,248.19,129.59,8.478,8.547
2018-02-14,ОФЗ-26253,129.19,251.17,129.19,8.66,8.495
2018-02-21,ОФЗ-26254,156.69,253.24,156.69,8.621,8.411
2018-02-23,ОФЗ-26255,149.93,238.32,149.93,8.51,8.386
2018-02-28,ОФЗ-26256,144.41,310.76,144.41,8.373,8.318
2018-03-07,ОФЗ-26257,135.52,245.7,135.52,8.404,8.216
2018-03-09,ОФЗ-26258,132.58,266.36,132.58,8.327,8.186
2018-03-14,ОФЗ-26259,100.19,185.77,100.19,8.28,8.11
2018-03-21,ОФЗ-26260,85.5,158.53,85.5,7.931,8.0
2018-03-23,ОФЗ-26261,102.1,158.18,102.1,8.076,7.969
2018-03-28,ОФЗ-26262,94.12,158.2,94.12,8.112,7.89
2018-04-04,ОФЗ-26263,104.93,168.3,104.93,7.906,7.784
2018-04-06,ОФЗ-26264,101.6,208.55,101.6,7.91,7.754
2018-04-11,ОФЗ-26265,127.08,216.38,127.08,7.765,7.682
2018-04-18,ОФЗ-26266,140.68,226.18,140.68,7.677,7.589
2018-04-20,ОФЗ-26267,139.33,202.23,139.33,7.756,7.564
2018-04-25,ОФЗ-26268,133.71,221.93,133.71,7.531,7.505
2018-05-02,ОФЗ-26269,150.91,262.17,150.91,7.452,7.434
2018-05-04,ОФЗ-26270,140.35,280.14,140.35,7.458,7.416
2018-05-09,ОФЗ-26271,137.24,269.0,137.24,7.458,7.376
2018-05-16,ОФЗ-26272,94.88,182.74,94.88,7.285,7.334
2018-05-18,ОФЗ-26273,107.78,201.98,107.78,7.464,7.325
2018-05-23,ОФЗ-26274,93.03,161.89,93.03,7.375,7.309
2018-05-30,ОФЗ-26275,95.47,215.17,95.47,7.448,7.3
2018-06-01,ОФЗ-26276,103.77,177.82,103.77,7.211,7.301
2018-06-06,ОФЗ-26277,105.5,218.85,105.5,7.457,7.309
2018-06-13,ОФЗ-26278,117.73,252.98,117.73,7.521,7.334
2018-06-15,ОФЗ-26279,122.52,231.36,122.52,7.46,7.345
2018-06-20,ОФЗ-26280,121.22,224.23,121.22,7.459,7.376
2018-06-27,ОФЗ-26281,136.52,236.17,136.52,7.583,7.434
2018-06-29,ОФЗ-26282,153.79,287.48,153.79,7.634,7.453
2018-07-04,ОФЗ-26283,139.33,256.11,139.33,7.627,7.505
2018-07-11,ОФЗ-26284,141.8,280.01,141.8,7.716,7.589
2018-07-13,ОФЗ-26285,134.91,241.76,134.91,7.827,7.614
2018-07-18,ОФЗ-26286,123.42,266.03,123.42,7.823,7.682
2018-07-25,ОФЗ-26287,104.36,200.94,104.36,7.8,7.784
2018-07-27,ОФЗ-26288,95.28,146.16,95.28,7.995,7.814
2018-08-01,ОФЗ-26289,93.86,163.72,93.86,7.961,7.89
2018-08-08,ОФЗ-26200,104.55,179.56,104.55,8.083,8.0
2018-08-10,ОФЗ-26201,85.53,182.8,85.53,8.12,8.031
2018-08-15,ОФЗ-26202,122.8,245.12,122.8,8.267,8.11
2018-08-22,ОФЗ-26203,125.43,228.37,125.43,8.436,8.216
2018-08-24,ОФЗ-26204,133.01,221.91,133.01,8.328,8.246
2018-08-29,ОФЗ-26205,141.23,249.01,141.23,8.536,8.318
2018-09-05,ОФЗ-26206,144.32,309.1,144.32,8.505,8.411
2018-09-07,ОФЗ-26207,132.87,290.98,132.87,8.629,8.436
2018-09-12,ОФЗ-26208,137.79,296.58,137.79,8.591,8.495
2018-09-19,ОФЗ-26209,125.96,194.06,125.96,8.607,8.566
2018-09-21,ОФЗ-26210,100.03,178.71,100.03,8.818,8.584
2018-09-26,ОФЗ-26211,94.9,177.04,94.9,8.657,8.624
2018-10-03,ОФЗ-26212,103.05,173.91,103.05,8.693,8.666
2018-10-05,ОФЗ-26213,100.74,153.27,100.74,8.654,8.675
2018-10-10,ОФЗ-26214,99.47,175.9,99.47,8.873,8.691
2018-10-17,ОФЗ-26215,102.92,233.63,102.92,8.9,8.7
2018-10-19,ОФЗ-26216,118.58,190.38,118.58,8.809,8.699
2018-10-24,ОФЗ-26217,115.18,210.61,115.18,8.693,8.691
2018-10-31,ОФЗ-26218,138.01,247.29,138.01,8.745,8.666
2018-11-02,ОФЗ-26219,131.4,235.51,131.4,8.711,8.655
2018-11-07,ОФЗ-26220,143.7,279.12,143.7,8.621,8.624
2018-11-14,ОФЗ-26221,131.62,281.94,131.62,8.607,8.566
2018-11-16,ОФЗ-26222,142.62,286.16,142.62,8.668,8.547
2018-11-21,ОФЗ-26223,129.45,221.02,129.45,8.527,8.495
2018-11-28,ОФЗ-26224,104.9,191.89,104.9,8.515,8.411
2018-11-30,ОФЗ-26225,114.03,181.31,114.03,8.324,8.386
2018-12-05,ОФЗ-26226,89.94,171.39,89.94,8.532,8.318
2018-12-12,ОФЗ-26227,95.31,178.93,95.31,8.265,8.216
2018-12-14,ОФЗ-26228,92.16,173.98,92.16,8.336,8.186
2018-12-19,ОФЗ-26229,110.28,210.9,110.28,8.205,8.11
2018-12-26,ОФЗ-26230,125.15,218.59,125.15,8.112,8.0
2018-12-28,ОФЗ-26231,135.22,237.55,135.22,7.958,7.969
2019-01-02,ОФЗ-26232,136.32,276.75,136.32,7.91,7.89
2019-01-09,ОФЗ-26233,120.73,220.32,120.73,7.805,7.784
2019-01-11,ОФЗ-26234,141.55,295.79,141.55,7.836,7.754
2019-01-16,ОФЗ-26235,154.93,336.35,154.93,7.868,7.682
2019-01-23,ОФЗ-26236,127.94,259.71,127.94,7.703,7.589
2019-01-25,ОФЗ-26237,110.64,244.72,110.64,7.572,7.564
2019-01-30,ОФЗ-26238,117.61,200.46,117.61,7.592,7.505
2019-02-06,ОФЗ-26239,104.33,192.36,104.33,7.507,7.434
2019-02-08,ОФЗ-26240,91.77,197.04,91.77,7.468,7.416
2019-02-13,ОФЗ-26241,93.03,201.81,93.03,7.455,7.376
2019-02-20,ОФЗ-26242,94.11,157.89,94.11,7.475,7.334
2019-02-22,ОФЗ-26243,108.53,206.99,108.53,7.348,7.325
2019-02-27,ОФЗ-26244,115.65,267.19,115.65,7.361,7.309
2019-03-06,ОФЗ-26245,122.29,224.88,122.29,7.459,7.3
2019-03-08,ОФЗ-26246,135.58,293.69,135.58,7.418,7.301
2019-03-13,ОФЗ-26247,137.06,313.01,137.06,7.491,7.309
2019-03-20,ОФЗ-26248,155.81,353.79,155.81,7.529,7.334
2019-03-22,ОФЗ-26249,149.56,278.81,149.56,7.316,7.345
2019-03-27,ОФЗ-26250,133.72,273.52,133.72,7.479,7.376
2019-04-03,ОФЗ-26251,119.44,200.43,119.44,7.473,7.434
2019-04-05,ОФЗ-26252,122.13,222.82,122.13,7.437,7.453
2019-04-10,ОФЗ-26253,102.03,195.87,102.03,7.522,7.505
2019-04-17,ОФЗ-26254,101.42,168.43,101.42,7.644,7.589
2019-04-19,ОФЗ-26255,106.83,163.6,106.83,7.671,7.614
2019-04-24,ОФЗ-26256,94.22,178.78,94.22,7.714,7.682
2019-05-01,ОФЗ-26257,123.74,235.23,123.74,7.863,7.784
2019-05-03,ОФЗ-26258,126.04,205.76,126.04,8.09,7.814
2019-05-08,ОФЗ-26259,129.14,294.48,129.14,7.832,7.89
2019-05-15,ОФЗ-26260,137.02,246.67,137.02,8.171,8.0
2019-05-17,ОФЗ-26261,144.81,296.32,144.81,8.11,8.031
2019-05-22,ОФЗ-26262,142.98,249.53,142.98,8.154,8.11
2019-05-29,ОФЗ-26263,131.96,242.72,131.96,8.135,8.216
2019-05-31,ОФЗ-26264,138.95,275.37,138.95,8.387,8.246
2019-06-05,ОФЗ-26265,115.42,246.58,115.42,8.283,8.318
2019-06-12,ОФЗ-26266,104.62,222.56,104.62,8.558,8.411
2019-06-14,ОФЗ-26267,100.82,212.17,100.82,8.656,8.436
2019-06-19,ОФЗ-26268,85.7,136.34,85.7,8.472,8.495
2019-06-26,ОФЗ-26269,101.49,205.44,101.49,8.74,8.566
2019-06-28,ОФЗ-26270,96.32,156.93,96.32,8.666,8.584
2019-07-03,ОФЗ-26271,116.69,210.15,116.69,8.536,8.624
2019-07-10,ОФЗ-26272,120.46,233.29,120.46,8.649,8.666
2019-07-12,ОФЗ-26273,123.9,255.6,123.9,8.769,8.675
2019-07-17,ОФЗ-26274,130.23,249.09,130.23,8.803,8.691
2019-07-24,ОФЗ-26275,145.13,260.0,145.13,8.654,8.7
2019-07-26,ОФЗ-26276,145.29,306.77,145.29,8.782,8.699
2019-07-31,ОФЗ-26277,147.17,233.54,147.17,8.837,8.691
2019-08-07,ОФЗ-26278,128.83,257.61,128.83,8.826,8.666
2019-08-09,ОФЗ-26279,140.36,252.58,140.36,8.702,8.655
2019-08-14,ОФЗ-26280,115.35,244.71,115.35,8.739,8.624
2019-08-21,ОФЗ-26281,90.87,153.49,90.87,8.732,8.566
2019-08-23,ОФЗ-26282,88.05,160.87,88.05,8.695,8.547
2019-08-28,ОФЗ-26283,99.46,157.3,99.46,8.646,8.495
2019-09-04,ОФЗ-26284,94.39,193.73,94.39,8.501,8.411
2019-09-06,ОФЗ-26285,111.06,223.57,111.06,8.458,8.386
2019-09-11,ОФЗ-26286,124.75,252.6,124.75,8.42,8.318
2019-09-18,ОФЗ-26287,141.06,277.78,141.06,8.235,8.216
2019-09-20,ОФЗ-26288,130.51,208.13,130.51,8.355,8.186
2019-09-25,ОФЗ-26289,151.15,258.36,151.15,8.067,8.11
2019-10-02,ОФЗ-26200,145.96,270.11,145.96,8.04,8.0
2019-10-04,ОФЗ-26201,136.37,204.95,136.37,8.046,7.969
2019-10-09,ОФЗ-26202,131.4,223.66,131.4,8.008,7.89
2019-10-16,ОФЗ-26203,120.16,222.55,120.16,7.916,7.784
2019-10-18,ОФЗ-26204,106.32,171.67,106.32,7.953,7.754
2019-10-23,ОФЗ-26205,104.11,183.03,104.11,7.768,7.682
2019-10-30,ОФЗ-26206,106.63,204.09,106.63,7.611,7.589
2019-11-01,ОФЗ-26207,102.89,201.16,102.89,7.632,7.564
2019-11-06,ОФЗ-26208,100.08,232.76,100.08,7.559,7.505
2019-11-13,ОФЗ-26209,114.72,228.98,114.72,7.555,7.434
2019-11-15,ОФЗ-26210,113.28,229.71,113.28,7.41,7.416
2019-11-20,ОФЗ-26211,125.35,227.57,125.35,7.442,7.376
2019-11-27,ОФЗ-26212,129.55,243.25,129.55,7.544,7.334
2019-11-29,ОФЗ-26213,145.79,275.78,145.79,7.42,7.325
2019-12-04,ОФЗ-26214,150.1,298.1,150.1,7.304,7.309
2019-12-11,ОФЗ-26215,136.01,294.5,136.01,7.353,7.3
2019-12-13,ОФЗ-26216,125.66,263.06,125.66,7.202,7.301
2019-12-18,ОФЗ-26217,121.74,254.65,121.74,7.384,7.309
2019-12-25,ОФЗ-26218,116.04,211.75,116.04,7.546,7.334
2019-12-27,ОФЗ-26219,108.88,186.17,108.88,7.33,7.345
2020-01-01,ОФЗ-26220,95.64,166.36,95.64,7.34,7.376
2020-01-08,ОФЗ-26221,113.46,224.76,113.46,7.461,7.434
2020-01-10,ОФЗ-26222,121.02,218.43,121.02,7.606,7.453
2020-01-15,ОФЗ-26223,104.54,197.54,104.54,7.721,7.505
2020-01-22,ОФЗ-26224,122.84,198.36,122.84,7.704,7.589
2020-01-24,ОФЗ-26225,134.97,254.01,134.97,7.591,7.614
2020-01-29,ОФЗ-26226,131.8,248.28,131.8,7.76,7.682
2020-02-05,ОФЗ-26227,151.79,255.24,151.79,8.007,7.784
2020-02-07,ОФЗ-26228,145.45,273.78,145.45,7.869,7.814
2020-02-12,ОФЗ-26229,142.84,332.6,142.84,7.982,7.89
2020-02-19,ОФЗ-26230,121.38,234.67,121.38,8.099,8.0
2020-02-21,ОФЗ-26231,114.91,218.53,114.91,7.988,8.031
2020-02-26,ОФЗ-26232,93.58,159.13,93.58,8.269,8.11
2020-03-04,ОФЗ-26233,109.47,204.89,109.47,8.365,8.216
2020-03-06,ОФЗ-26234,103.41,187.94,103.41,8.166,8.246
2020-03-11,ОФЗ-26235,100.98,187.47,100.98,8.291,8.318
2020-03-18,ОФЗ-26236,107.13,185.46,107.13,8.414,8.411
2020-03-20,ОФЗ-26237,89.95,156.08,89.95,8.576,8.436
2020-03-25,ОФЗ-26238,113.99,176.92,113.99,8.515,8.495
2020-04-01,ОФЗ-26239,133.61,211.33,133.61,8.678,8.566
2020-04-03,ОФЗ-26240,130.46,232.75,130.46,8.65,8.584
2020-04-08,ОФЗ-26241,130.86,241.75,130.86,8.709,8.624
2020-04-15,ОФЗ-26242,134.59,261.89,134.59,8.785,8.666
2020-04-17,ОФЗ-26243,140.26,239.98,140.26,8.777,8.675
2020-04-22,ОФЗ-26244,130.93,257.18,130.93,8.77,8.691
2020-04-29,ОФЗ-26245,121.28,266.14,121.28,8.806,8.7
2020-05-01,ОФЗ-26246,125.97,252.56,125.97,8.797,8.699
2020-05-06,ОФЗ-26247,105.62,232.74,105.62,8.755,8.691
2020-05-13,ОФЗ-26248,93.6,197.76,93.6,8.711,8.666
2020-05-15,ОФЗ-26249,109.99,225.24,109.99,8.886,8.655
2020-05-20,ОФЗ-26250,88.24,161.96,88.24,8.668,8.624
2020-05-27,ОФЗ-26251,98.57,163.16,98.57,8.756,8.566
2020-05-29,ОФЗ-26252,112.91,219.51,112.91,8.572,8.547
2020-06-03,ОФЗ-26253,138.12,267.05,138.12,8.64,8.495
2020-06-10,ОФЗ-26254,144.27,276.51,144.27,8.634,8.411
2020-06-12,ОФЗ-26255,135.38,283.59,135.38,8.439,8.386
2020-06-17,ОФЗ-26256,138.31,259.33,138.31,8.344,8.318
2020-06-24,ОФЗ-26257,124.76,212.91,124.76,8.262,8.216
2020-06-26,ОФЗ-26258,120.6,236.32,120.6,8.265,8.186
2020-07-01,ОФЗ-26259,131.2,248.95,131.2,8.215,8.11
2020-07-08,ОФЗ-26260,102.27,200.28,102.27,8.077,8.0
2020-07-10,ОФЗ-26261,114.29,221.43,114.29,8.015,7.969
2020-07-15,ОФЗ-26262,88.24,179.25,88.24,8.127,7.89
2020-07-22,ОФЗ-26263,102.08,152.06,102.08,7.848,7.784
2020-07-24,ОФЗ-26264,102.71,172.92,102.71,7.784,7.754
2020-07-29,ОФЗ-26265,117.61,187.27,117.61,7.829,7.682
2020-08-05,ОФЗ-26266,129.19,258.65,129.19,7.736,7.589
2020-08-07,ОФЗ-26267,139.5,306.33,139.5,7.757,7.564
2020-08-12,ОФЗ-26268,145.01,302.47,145.01,7.739,7.505
2020-08-19,ОФЗ-26269,136.2,235.35,136.2,7.541,7.434
2020-08-21,ОФЗ-26270,149.98,253.89,149.98,7.473,7.416
2020-08-26,ОФЗ-26271,137.48,231.56,137.48,7.304,7.376
2020-09-02,ОФЗ-26272,117.4,255.92,117.4,7.339,7.334
2020-09-04,ОФЗ-26273,124.34,227.83,124.34,7.422,7.325
2020-09-09,ОФЗ-26274,114.7,233.52,114.7,7.294,7.309
2020-09-16,ОФЗ-26275,92.76,150.26,92.76,7.253,7.3
2020-09-18,ОФЗ-26276,92.55,148.77,92.55,7.386,7.301
2020-09-23,ОФЗ-26277,85.13,154.25,85.13,7.451,7.309
2020-09-30,ОФЗ-26278,91.86,158.95,91.86,7.395,7.334
2020-10-02,ОФЗ-26279,108.63,200.32,108.63,7.496,7.345
2020-10-07,ОФЗ-26280,128.75,237.1,128.75,7.506,7.376
2020-10-14,ОФЗ-26281,132.88,280.11,132.88,7.606,7.434
2020-10-16,ОФЗ-26282,152.0,252.85,152.0,7.707,7.453
2020-10-21,ОФЗ-26283,143.18,232.1,143.18,7.794,7.505
2020-10-28,ОФЗ-26284,139.63,251.62,139.63,7.727,7.589
2020-10-30,ОФЗ-26285,135.99,231.66,135.99,7.658,7.614
2020-11-04,ОФЗ-26286,136.15,240.19,136.15,7.767,7.682
2020-11-11,ОФЗ-26287,104.03,210.1,104.03,7.99,7.784
2020-11-13,ОФЗ-26288,106.29,198.34,106.29,7.822,7.814
2020-11-18,ОФЗ-26289,94.38,175.05,94.38,8.086,7.89
2020-11-25,ОФЗ-26200,90.69,173.94,90.69,8.066,8.0
2020-11-27,ОФЗ-26201,96.5,176.77,96.5,8.13,8.031
2020-12-02,ОФЗ-26202,101.63,198.15,101.63,8.125,8.11
2020-12-09,ОФЗ-26203,126.0,202.72,126.0,8.19,8.216
2020-12-11,ОФЗ-26204,122.33,231.75,122.33,8.304,8.246
2020-12-16,ОФЗ-26205,138.14,298.47,138.14,8.502,8.318
2020-12-23,ОФЗ-26206,145.16,241.6,145.16,8.435,8.411
2020-12-25,ОФЗ-26207,156.05,255.92,156.05,8.645,8.436
2020-12-30,ОФЗ-26208,140.96,253.34,140.96,8.529,8.495
2021-01-06,ОФЗ-26209,130.28,236.7,130.28,8.561,8.566
2021-01-08,ОФЗ-26210,134.26,255.59,134.26,8.684,8.584
2021-01-13,ОФЗ-26211,113.86,265.5,113.86,8.758,8.624
2021-01-20,ОФЗ-26212,105.68,197.79,105.68,8.761,8.666
2021-01-22,ОФЗ-26213,117.47,194.7,117.47,8.767,8.675
2021-01-27,ОФЗ-26214,87.23,136.16,87.23,8.9,8.691
2021-02-03,ОФЗ-26215,111.68,211.41,111.68,8.788,8.7
2021-02-05,ОФЗ-26216,98.6,180.75,98.6,8.742,8.699
2021-02-10,ОФЗ-26217,123.55,294.98,123.55,8.681,8.691
2021-02-17,ОФЗ-26218,134.92,280.22,134.92,8.848,8.666
2021-02-19,ОФЗ-26219,138.5,266.04,138.5,8.701,8.655
2021-02-24,ОФЗ-26220,140.64,262.26,140.64,8.677,8.624
2021-03-03,ОФЗ-26221,142.64,288.4,142.64,8.73,8.566
2021-03-05,ОФЗ-26222,137.6,191.1,137.6,8.792,8.547
2021-03-10,ОФЗ-26223,136.63,243.66,136.63,8.595,8.495
2021-03-17,ОФЗ-26224,119.74,261.76,119.74,8.48,8.411
2021-03-19,ОФЗ-26225,117.92,246.46,117.92,8.465,8.386
2021-03-24,ОФЗ-26226,94.02,150.21,94.02,8.361,8.318
2021-03-31,ОФЗ-26227,96.06,143.38,96.06,8.268,8.216
2021-04-02,ОФЗ-26228,105.17,194.57,105.17,8.238,8.186
2021-04-07,ОФЗ-26229,104.63,199.57,104.63,8.262,8.11
2021-04-14,ОФЗ-26230,108.57,220.01,108.57,8.073,8.0
2021-04-16,ОФЗ-26231,133.35,265.27,133.35,8.157,7.969
2021-04-21,ОФЗ-26232,120.18,178.67,120.18,7.961,7.89
2021-04-28,ОФЗ-26233,138.41,242.57,138.41,7.834,7.784
2021-04-30,ОФЗ-26234,130.25,231.75,130.25,7.936,7.754
2021-05-05,ОФЗ-26235,141.76,244.02,141.76,7.764,7.682
2021-05-12,ОФЗ-26236,154.17,255.09,154.17,7.658,7.589
2021-05-14,ОФЗ-26237,133.65,281.38,133.65,7.646,7.564
2021-05-19,ОФЗ-26238,113.76,224.77,113.76,7.702,7.505
2021-05-26,ОФЗ-26239,116.44,195.27,116.44,7.538,7.434
2021-05-28,ОФЗ-26240,108.42,193.69,108.42,7.596,7.416
2021-06-02,ОФЗ-26241,104.23,180.38,104.23,7.438,7.376
2021-06-09,ОФЗ-26242,93.21,178.25,93.21,7.501,7.334
2021-06-11,ОФЗ-26243,89.02,185.95,89.02,7.424,7.325
2021-06-16,ОФЗ-26244,102.88,215.33,102.88,7.459,7.309
2021-06-23,ОФЗ-26245,124.44,250.55,124.44,7.457,7.3
2021-06-25,ОФЗ-26246,124.22,249.65,124.22,7.305,7.301
2021-06-30,ОФЗ-26247,138.76,248.25,138.76,7.394,7.309
2021-07-07,ОФЗ-26248,140.12,326.69,140.12,7.491,7.334
2021-07-09,ОФЗ-26249,148.39,338.19,148.39,7.514,7.345
2021-07-14,ОФЗ-26250,142.39,267.91,142.39,7.557,7.376
2021-07-21,ОФЗ-26251,124.89,230.14,124.89,7.522,7.434
2021-07-23,ОФЗ-26252,127.1,185.89,127.1,7.656,7.453
2021-07-28,ОФЗ-26253,110.92,202.43,110.92,7.532,7.505
2021-08-04,ОФЗ-26254,105.07,222.89,105.07,7.549,7.589
2021-08-06,ОФЗ-26255,104.57,261.5,104.57,7.672,7.614
2021-08-11,ОФЗ-26256,99.02,195.88,99.02,7.858,7.682
2021-08-18,ОФЗ-26257,87.81,165.11,87.81,7.777,7.784
2021-08-20,ОФЗ-26258,96.63,186.39,96.63,7.776,7.814
2021-08-25,ОФЗ-26259,110.1,239.62,110.1,7.833,7.89
2021-09-01,ОФЗ-26260,125.25,205.79,125.25,8.139,8.0
2021-09-03,ОФЗ-26261,131.31,301.75,131.31,7.996,8.031
2021-09-08,ОФЗ-26262,150.32,292.06,150.32,8.233,8.11
2021-09-15,ОФЗ-26263,149.71,267.89,149.71,8.27,8.216
2021-09-17,ОФЗ-26264,139.02,270.15,139.02,8.264,8.246
2021-09-22,ОФЗ-26265,139.43,233.44,139.43,8.318,8.318
2021-09-29,ОФЗ-26266,121.42,230.15,121.42,8.508,8.411
2021-10-01,ОФЗ-26267,113.75,173.2,113.75,8.456,8.436
2021-10-06,ОФЗ-26268,112.61,207.82,112.61,8.575,8.495
2021-10-13,ОФЗ-26269,90.07,190.9,90.07,8.678,8.566
2021-10-15,ОФЗ-26270,95.43,216.33,95.43,8.713,8.584
2021-10-20,ОФЗ-26271,89.74,174.33,89.74,8.778,8.624
2021-10-27,ОФЗ-26272,102.55,212.87,102.55,8.759,8.666
2021-10-29,ОФЗ-26273,104.31,178.47,104.31,8.671,8.675
2021-11-03,ОФЗ-26274,119.26,225.52,119.26,8.809,8.691
2021-11-10,ОФЗ-26275,141.24,225.8,141.24,8.833,8.7
2021-11-12,ОФЗ-26276,140.5,278.11,140.5,8.765,8.699
2021-11-17,ОФЗ-26277,142.78,295.48,142.78,8.749,8.692
2021-11-24,ОФЗ-26278,135.91,259.0,135.91,8.945,8.667
2021-11-26,ОФЗ-26279,148.88,228.71,148.88,8.633,8.656
2021-12-01,ОФЗ-26280,114.51,200.26,114.51,8.746,8.626
2021-12-08,ОФЗ-26281,97.37,190.07,97.37,8.739,8.573
2021-12-10,ОФЗ-26282,96.66,185.47,96.66,8.612,8.557
2021-12-15,ОФЗ-26283,96.05,203.88,96.05,8.586,8.514
2021-12-22,ОФЗ-26284,100.34,176.75,100.34,8.52,8.459
2021-12-24,ОФЗ-26285,103.1,186.92,103.1,8.544,8.446
2021-12-29,ОФЗ-26286,113.86,192.14,113.86,8.609,8.426
2022-01-05,ОФЗ-26287,121.55,233.27,121.55,8.57,8.442
2022-01-07,ОФЗ-26288,123.98,237.13,123.98,8.867,8.46
2022-01-12,ОФЗ-26289,150.53,266.03,150.53,8.708,8.541
2022-01-19,ОФЗ-26200,122.54,247.69,122.54,9.166,8.759
2022-01-21,ОФЗ-26201,145.44,192.15,145.44,9.222,8.847
2022-01-26,ОФЗ-26202,144.68,216.62,144.68,9.557,9.118
2022-02-02,ОФЗ-26203,143.29,129.06,116.24,10.323,9.605
2022-02-04,ОФЗ-26204,110.33,125.18,108.77,10.287,9.762
2022-02-09,ОФЗ-26205,108.34,119.74,100.98,10.989,10.165
2022-02-16,ОФЗ-26206,87.9,47.54,41.1,11.609,10.698
2022-02-18,ОФЗ-26207,82.24,37.49,34.54,11.806,10.828
2022-02-23,ОФЗ-26208,93.55,64.32,56.52,12.144,11.081
2022-03-02,ОФЗ-26209,109.2,38.22,32.42,12.292,11.21
2022-03-04,ОФЗ-26210,115.95,40.58,34.85,12.219,11.193
2022-03-09,ОФЗ-26211,113.33,62.97,55.03,12.198,11.04
2022-03-16,ОФЗ-26212,139.03,90.61,76.78,11.606,10.598
2022-03-18,ОФЗ-26213,135.88,47.56,40.17,11.379,10.435
2022-03-23,ОФЗ-26214,148.23,129.27,111.13,10.884,9.98
2022-03-30,ОФЗ-26215,152.61,152.24,137.86,9.997,9.308
2022-04-01,ОФЗ-26216,139.68,177.47,139.68,9.701,9.122
2022-04-06,ОФЗ-26217,141.29,182.63,141.29,9.414,8.694
2022-04-13,ОФЗ-26218,106.68,176.11,106.68,8.625,8.213
2022-04-15,ОФЗ-26219,116.95,205.28,116.95,8.597,8.104
2022-04-20,ОФЗ-26220,109.96,157.48,109.96,8.081,7.888
2022-04-27,ОФЗ-26221,102.51,203.79,102.51,7.885,7.707
2022-04-29,ОФЗ-26222,85.7,142.26,85.7,7.723,7.678
2022-05-04,ОФЗ-26223,97.78,166.18,97.78,7.731,7.639
2022-05-11,ОФЗ-26224,115.27,254.48,115.27,7.7,7.649
2022-05-13,ОФЗ-26225,121.13,245.29,121.13,7.995,7.662
2022-05-18,ОФЗ-26226,130.35,230.35,130.35,7.739,7.707
2022-05-25,ОФЗ-26227,153.28,289.79,153.28,7.857,7.793
2022-05-27,ОФЗ-26228,133.41,257.45,133.41,7.787,7.821
2022-06-01,ОФЗ-26229,142.72,256.52,142.72,8.017,7.894
2022-06-08,ОФЗ-26230,123.08,266.53,123.08,8.009,8.001
2022-06-10,ОФЗ-26231,137.64,243.77,137.64,8.186,8.032
2022-06-15,ОФЗ-26232,125.64,257.19,125.64,8.047,8.11
2022-06-22,ОФЗ-26233,132.09,259.43,132.09,8.287,8.216
2022-06-24,ОФЗ-26234,109.9,212.32,109.9,8.178,8.246
2022-06-29,ОФЗ-26235,98.53,139.58,98.53,8.359,8.318
2022-07-06,ОФЗ-26236,99.12,178.14,99.12,8.468,8.411
2022-07-08,ОФЗ-26237,96.89,172.61,96.89,8.469,8.436
2022-07-13,ОФЗ-26238,109.43,244.18,109.43,8.535,8.495
2022-07-20,ОФЗ-26239,127.01,222.23,127.01,8.724,8.566
2022-07-22,ОФЗ-26240,113.71,230.99,113.71,8.838,8.584
2022-07-27,ОФЗ-26241,140.68,225.22,140.68,8.731,8.624
2022-08-03,ОФЗ-26242,145.8,275.61,145.8,8.677,8.666
2022-08-05,ОФЗ-26243,158.68,317.58,158.68,8.76,8.675
2022-08-10,ОФЗ-26244,138.81,346.69,138.81,8.743,8.691
2022-08-17,ОФЗ-26245,119.86,265.13,119.86,8.851,8.7
2022-08-19,ОФЗ-26246,123.36,249.24,123.36,8.802,8.699
2022-08-24,ОФЗ-26247,110.06,240.48,110.06,8.645,8.691
2022-08-31,ОФЗ-26248,96.54,180.64,96.54,8.834,8.666
2022-09-02,ОФЗ-26249,85.65,154.34,85.65,8.813,8.655
2022-09-07,ОФЗ-26250,94.34,185.06,94.34,8.823,8.624
2022-09-14,ОФЗ-26251,99.71,205.31,99.71,8.605,8.566
2022-09-16,ОФЗ-26252,106.65,160.12,106.65,8.651,8.547
2022-09-21,ОФЗ-26253,125.86,229.11,125.86,8.48,8.495
2022-09-28,ОФЗ-26254,130.26,242.39,130.26,8.487,8.411
2022-09-30,ОФЗ-26255,137.34,246.1,137.34,8.497,8.386
2022-10-05,ОФЗ-26256,148.74,229.72,148.74,8.347,8.318
2022-10-12,ОФЗ-26257,140.26,276.73,140.26,8.324,8.216
2022-10-14,ОФЗ-26258,160.74,277.1,160.74,8.28,8.186
2022-10-19,ОФЗ-26259,132.53,283.51,132.53,8.154,8.11
2022-10-26,ОФЗ-26260,104.08,184.61,104.08,8.192,8.0
2022-10-28,ОФЗ-26261,102.75,148.86,102.75,8.03,7.969
2022-11-02,ОФЗ-26262,92.62,165.12,92.62,7.981,7.89
2022-11-09,ОФЗ-26263,88.41,191.06,88.41,7.746,7.784
2022-11-11,ОФЗ-26264,99.88,202.94,99.88,7.876,7.754
2022-11-16,ОФЗ-26265,92.04,168.94,92.04,7.724,7.682
2022-11-23,ОФЗ-26266,112.55,191.1,112.55,7.745,7.589
2022-11-25,ОФЗ-26267,129.14,228.37,129.14,7.539,7.564
2022-11-30,ОФЗ-26268,127.46,221.89,127.46,7.619,7.505
2022-12-07,ОФЗ-26269,148.29,262.96,148.29,7.339,7.434
2022-12-09,ОФЗ-26270,130.95,260.3,130.95,7.545,7.416
2022-12-14,ОФЗ-26271,141.16,248.43,141.16,7.442,7.376
2022-12-21,ОФЗ-26272,127.61,254.04,127.61,7.446,7.334
2022-12-23,ОФЗ-26273,132.93,267.57,132.93,7.357,7.325
2022-12-28,ОФЗ-26274,110.51,181.18,110.51,7.313,7.309
2023-01-04,ОФЗ-26275,119.98,202.89,119.98,7.345,7.3
2023-01-06,ОФЗ-26276,87.02,151.75,87.02,7.396,7.301
2023-01-11,ОФЗ-26277,104.44,208.29,104.44,7.435,7.309
2023-01-18,ОФЗ-26278,105.18,196.28,105.18,7.439,7.334
2023-01-20,ОФЗ-26279,103.37,196.75,103.37,7.35,7.345
2023-01-25,ОФЗ-26280,111.01,210.82,111.01,7.603,7.376
2023-02-01,ОФЗ-26281,141.99,298.13,141.99,7.54,7.434
2023-02-03,ОФЗ-26282,151.39,277.17,151.39,7.483,7.453
2023-02-08,ОФЗ-26283,138.92,245.26,138.92,7.619,7.505
2023-02-15,ОФЗ-26284,146.2,250.05,146.2,7.689,7.589
2023-02-17,ОФЗ-26285,139.7,320.54,139.7,7.68,7.614
2023-02-22,ОФЗ-26286,128.95,246.52,128.95,7.739,7.682
2023-03-01,ОФЗ-26287,127.32,236.45,127.32,7.942,7.784
2023-03-03,ОФЗ-26288,120.79,229.6,120.79,8.032,7.814
2023-03-08,ОФЗ-26289,94.44,191.61,94.44,7.808,7.89
2023-03-15,ОФЗ-26200,100.27,208.36,100.27,8.178,8.0
2023-03-17,ОФЗ-26201,97.62,188.7,97.62,8.113,8.031
2023-03-22,ОФЗ-26202,91.41,183.74,91.41,8.208,8.11
2023-03-29,ОФЗ-26203,100.97,174.22,100.97,8.404,8.216
2023-03-31,ОФЗ-26204,113.96,188.88,113.96,8.114,8.246
2023-04-05,ОФЗ-26205,135.28,205.04,135.28,8.463,8.318
2023-04-12,ОФЗ-26206,140.65,275.28,140.65,8.594,8.411
2023-04-14,ОФЗ-26207,146.82,327.13,146.82,8.461,8.436
2023-04-19,ОФЗ-26208,138.16,240.08,138.16,8.463,8.495
2023-04-26,ОФЗ-26209,137.92,216.8,137.92,8.778,8.566
2023-04-28,ОФЗ-26210,143.17,267.91,143.17,8.524,8.584
2023-05-03,ОФЗ-26211,117.43,199.96,117.43,8.737,8.624
2023-05-10,ОФЗ-26212,113.36,258.31,113.36,8.828,8.666
2023-05-12,ОФЗ-26213,111.27,244.07,111.27,8.787,8.675
2023-05-17,ОФЗ-26214,98.46,174.39,98.46,8.817,8.691
2023-05-24,ОФЗ-26215,97.74,174.82,97.74,8.759,8.7
2023-05-26,ОФЗ-26216,96.69,162.82,96.69,8.816,8.699
2023-05-31,ОФЗ-26217,97.56,157.17,97.56,8.715,8.692
2023-06-07,ОФЗ-26218,108.16,215.16,108.16,8.702,8.667
2023-06-09,ОФЗ-26219,121.69,261.18,121.69,8.741,8.658
2023-06-14,ОФЗ-26220,144.14,285.76,144.14,8.589,8.63
2023-06-21,ОФЗ-26221,151.97,260.99,151.97,8.723,8.59
2023-06-23,ОФЗ-26222,142.06,200.2,142.06,8.471,8.58
2023-06-28,ОФЗ-26223,140.45,234.63,140.45,8.697,8.567
2023-07-05,ОФЗ-26224,129.16,237.91,129.16,8.77,8.6
2023-07-07,ОФЗ-26225,124.78,184.61,124.78,8.712,8.627
2023-07-12,ОФЗ-26226,118.69,244.15,118.69,8.843,8.741
2023-07-19,ОФЗ-26227,110.15,151.89,110.15,9.316,9.034
2023-07-21,ОФЗ-26228,116.87,170.67,116.87,9.552,9.147
2023-07-26,ОФЗ-26229,88.43,105.22,83.78,9.965,9.469
2023-08-02,ОФЗ-26230,104.63,84.84,72.69,10.487,9.941
2023-08-04,ОФЗ-26231,106.88,111.21,96.3,10.745,10.059
2023-08-09,ОФЗ-26232,110.21,100.66,89.65,11.056,10.274
2023-08-16,ОФЗ-26233,121.22,98.99,81.75,11.116,10.3
2023-08-18,ОФЗ-26234,135.9,50.5,43.56,10.95,10.239
2023-08-23,ОФЗ-26235,158.81,177.36,158.53,10.71,9.965
2023-08-30,ОФЗ-26236,146.8,159.97,134.81,10.032,9.369
2023-09-01,ОФЗ-26237,137.08,185.96,137.08,9.761,9.177
2023-09-06,ОФЗ-26238,135.32,219.38,135.32,9.153,8.699
2023-09-13,ОФЗ-26239,112.09,214.81,112.09,8.53,8.122
2023-09-15,ОФЗ-26240,116.54,193.86,116.54,8.245,7.988
2023-09-20,ОФЗ-26241,110.77,158.72,110.77,7.827,7.717
2023-09-27,ОФЗ-26242,90.34,171.43,90.34,7.534,7.48
2023-09-29,ОФЗ-26243,69.02,124.1,69.02,7.562,7.436
2023-10-04,ОФЗ-26244,99.3,170.21,99.3,7.342,7.362
2023-10-11,ОФЗ-26245,104.37,221.97,104.37,7.377,7.317
2023-10-13,ОФЗ-26246,106.85,219.1,106.85,7.433,7.312
2023-10-18,ОФЗ-26247,118.73,229.52,118.73,7.488,7.313
2023-10-25,ОФЗ-26248,142.31,232.75,142.31,7.292,7.335
2023-10-27,ОФЗ-26249,138.59,276.58,138.59,7.433,7.345
2023-11-01,ОФЗ-26250,152.44,277.29,152.44,7.451,7.377
2023-11-08,ОФЗ-26251,147.48,323.77,147.48,7.517,7.434
2023-11-10,ОФЗ-26252,134.41,292.25,134.41,7.544,7.453
2023-11-15,ОФЗ-26253,121.82,258.68,121.82,7.582,7.505
2023-11-22,ОФЗ-26254,110.49,198.88,110.49,7.78,7.589
2023-11-24,ОФЗ-26255,104.14,202.84,104.14,7.794,7.614
2023-11-29,ОФЗ-26256,83.57,168.8,83.57,7.934,7.682
2023-12-06,ОФЗ-26257,110.9,233.92,110.9,7.863,7.784
2023-12-08,ОФЗ-26258,102.79,209.34,102.79,7.861,7.814
2023-12-13,ОФЗ-26259,100.64,214.17,100.64,7.893,7.89
2023-12-20,ОФЗ-26260,104.67,180.59,104.67,8.038,8.0
2023-12-22,ОФЗ-26261,123.36,258.13,123.36,8.169,8.031
2023-12-27,ОФЗ-26262,130.95,198.69,130.95,8.259,8.11
2024-01-03,ОФЗ-26263,143.93,262.84,143.93,8.35,8.216
2024-01-05,ОФЗ-26264,127.68,223.05,127.68,8.273,8.246
2024-01-10,ОФЗ-26265,138.63,261.27,138.63,8.345,8.318
2024-01-17,ОФЗ-26266,127.24,261.48,127.24,8.648,8.411
2024-01-19,ОФЗ-26267,124.44,201.28,124.44,8.45,8.436
2024-01-24,ОФЗ-26268,112.13,247.5,112.13,8.688,8.495
2024-01-31,ОФЗ-26269,100.55,158.53,100.55,8.679,8.566
2024-02-02,ОФЗ-26270,109.76,180.97,109.76,8.606,8.584
2024-02-07,ОФЗ-26271,90.89,164.67,90.89,8.609,8.624
2024-02-14,ОФЗ-26272,93.6,190.55,93.6,8.691,8.666
2024-02-16,ОФЗ-26273,90.53,197.59,90.53,8.788,8.675
2024-02-21,ОФЗ-26274,111.11,212.74,111.11,8.699,8.691
2024-02-28,ОФЗ-26275,120.41,251.05,120.41,8.904,8.7
2024-03-01,ОФЗ-26276,143.34,239.53,143.34,8.763,8.699
2024-03-06,ОФЗ-26277,142.15,275.57,142.15,8.827,8.691
2024-03-13,ОФЗ-26278,151.64,294.99,151.64,8.795,8.666
2024-03-15,ОФЗ-26279,154.14,314.6,154.14,8.865,8.655
2024-03-20,ОФЗ-26280,127.77,258.05,127.77,8.669,8.624
2024-03-27,ОФЗ-26281,116.01,175.81,116.01,8.655,8.566
2024-03-29,ОФЗ-26282,124.67,271.58,124.67,8.515,8.547
2024-04-03,ОФЗ-26283,104.94,188.24,104.94,8.583,8.495
2024-04-10,ОФЗ-26284,99.53,170.27,99.53,8.583,8.411
2024-04-12,ОФЗ-26285,103.27,193.66,103.27,8.483,8.386
2024-04-17,ОФЗ-26286,105.32,212.59,105.32,8.583,8.318
2024-04-24,ОФЗ-26287,113.86,193.01,113.86,8.338,8.216
2024-04-26,ОФЗ-26288,126.37,183.41,126.37,8.223,8.186
2024-05-01,ОФЗ-26289,126.6,232.62,126.6,8.226,8.11
2024-05-08,ОФЗ-26200,144.73,270.66,144.73,7.963,8.0
2024-05-10,ОФЗ-26201,141.51,299.6,141.51,7.985,7.969
2024-05-15,ОФЗ-26202,153.1,276.76,153.1,7.873,7.89
2024-05-22,ОФЗ-26203,132.7,295.53,132.7,7.865,7.784
2024-05-24,ОФЗ-26204,121.23,231.85,121.23,7.829,7.754
2024-05-29,ОФЗ-26205,128.85,239.07,128.85,7.859,7.682
2024-06-05,ОФЗ-26206,99.16,209.45,99.16,7.661,7.589
2024-06-07,ОФЗ-26207,94.47,157.96,94.47,7.563,7.564
2024-06-12,ОФЗ-26208,106.74,203.94,106.74,7.71,7.505
2024-06-19,ОФЗ-26209,103.95,222.56,103.95,7.278,7.434
2024-06-21,ОФЗ-26210,95.41,168.15,95.41,7.499,7.416
2024-06-26,ОФЗ-26211,81.94,148.2,81.94,7.474,7.376
2024-07-03,ОФЗ-26212,126.68,219.92,126.68,7.413,7.334
2024-07-05,ОФЗ-26213,132.45,275.97,132.45,7.445,7.325
2024-07-10,ОФЗ-26214,141.6,276.96,141.6,7.397,7.309
2024-07-17,ОФЗ-26215,148.58,263.69,148.58,7.42,7.3
2024-07-19,ОФЗ-26216,143.48,327.74,143.48,7.333,7.301
2024-07-24,ОФЗ-26217,137.95,216.93,137.95,7.272,7.309
2024-07-31,ОФЗ-26218,119.45,215.3,119.45,7.411,7.334
2024-08-02,ОФЗ-26219,118.03,196.94,118.03,7.343,7.345
2024-08-07,ОФЗ-26220,114.27,214.12,114.27,7.398,7.376
2024-08-14,ОФЗ-26221,101.47,183.58,101.47,7.607,7.434
2024-08-16,ОФЗ-26222,102.94,195.88,102.94,7.657,7.453
2024-08-21,ОФЗ-26223,83.93,167.62,83.93,7.676,7.505
2024-08-28,ОФЗ-26224,89.26,131.9,89.26,7.745,7.589
2024-08-30,ОФЗ-26225,103.26,211.37,103.26,7.699,7.614
2024-09-04,ОФЗ-26226,109.43,220.6,109.43,7.843,7.682
2024-09-11,ОФЗ-26227,135.19,282.76,135.19,7.892,7.784
2024-09-13,ОФЗ-26228,126.98,256.85,126.98,8.05,7.814
2024-09-18,ОФЗ-26229,153.22,286.49,153.22,7.897,7.89
2024-09-25,ОФЗ-26230,136.8,284.02,136.8,8.134,8.0
2024-09-27,ОФЗ-26231,153.98,231.85,153.98,8.01,8.031
2024-10-02,ОФЗ-26232,136.87,267.02,136.87,8.244,8.11
2024-10-09,ОФЗ-26233,107.95,201.39,107.95,8.159,8.216
2024-10-11,ОФЗ-26234,128.46,276.01,128.46,8.229,8.246
2024-10-16,ОФЗ-26235,103.82,196.17,103.82,8.295,8.318
2024-10-23,ОФЗ-26236,96.39,187.7,96.39,8.512,8.411
2024-10-25,ОФЗ-26237,94.66,145.9,94.66,8.545,8.436
2024-10-30,ОФЗ-26238,103.16,156.32,103.16,8.771,8.495
2024-11-06,ОФЗ-26239,117.05,231.73,117.05,8.639,8.566
2024-11-08,ОФЗ-26240,110.67,249.93,110.67,8.726,8.584
2024-11-13,ОФЗ-26241,127.72,267.77,127.72,8.717,8.624
2024-11-20,ОФЗ-26242,142.77,273.45,142.77,8.801,8.666
2024-11-22,ОФЗ-26243,148.44,293.14,148.44,8.766,8.675
2024-11-27,ОФЗ-26244,149.44,261.3,149.44,8.859,8.691
2024-12-04,ОФЗ-26245,137.89,266.13,137.89,8.696,8.7
2024-12-06,ОФЗ-26246,128.27,243.16,128.27,8.583,8.699
2024-12-11,ОФЗ-26247,116.4,226.21,116.4,8.805,8.691
2024-12-18,ОФЗ-26248,95.77,171.03,95.77,8.601,8.666
2024-12-20,ОФЗ-26249,106.43,183.26,106.43,8.84,8.655
2024-12-25,ОФЗ-26250,90.95,164.45,90.95,8.66,8.624
2025-01-01,ОФЗ-26251,95.55,169.52,95.55,8.563,8.566
2025-01-03,ОФЗ-26252,101.33,171.51,101.33,8.843,8.547
2025-01-08,ОФЗ-26253,108.41,214.08,108.41,8.573,8.495
2025-01-15,ОФЗ-26254,124.76,253.0,124.76,8.475,8.411
2025-01-17,ОФЗ-26255,122.19,220.19,122.19,8.525,8.386
2025-01-22,ОФЗ-26256,141.26,267.71,141.26,8.463,8.318
2025-01-29,ОФЗ-26257,142.49,246.67,142.49,8.387,8.216
2025-01-31,ОФЗ-26258,143.95,267.13,143.95,8.16,8.186
2025-02-05,ОФЗ-26259,149.13,280.4,149.13,8.232,8.11
2025-02-12,ОФЗ-26260,130.03,284.64,130.03,8.057,8.0
2025-02-14,ОФЗ-26261,116.64,253.36,116.64,7.975,7.969
2025-02-19,ОФЗ-26262,108.27,176.61,108.27,7.974,7.89
2025-02-26,ОФЗ-26263,110.38,211.33,110.38,7.719,7.784
2025-02-28,ОФЗ-26264,93.42,194.34,93.42,7.908,7.754
2025-03-05,ОФЗ-26265,95.91,158.18,95.91,7.739,7.682
2025-03-12,ОФЗ-26266,109.66,202.17,109.66,7.63,7.589
2025-03-14,ОФЗ-26267,110.1,234.77,110.1,7.633,7.564
2025-03-19,ОФЗ-26268,117.02,185.44,117.02,7.572,7.505
2025-03-26,ОФЗ-26269,129.71,217.91,129.71,7.605,7.434
2025-03-28,ОФЗ-26270,139.03,227.64,139.03,7.408,7.416
2025-04-02,ОФЗ-26271,149.68,292.55,149.68,7.426,7.376
2025-04-09,ОФЗ-26272,152.98,286.89,152.98,7.397,7.334
2025-04-11,ОФЗ-26273,128.14,249.72,128.14,7.32,7.325
2025-04-16,ОФЗ-26274,144.64,269.79,144.64,7.401,7.309
2025-04-23,ОФЗ-26275,111.71,226.41,111.71,7.322,7.3
2025-04-25,ОФЗ-26276,116.86,194.61,116.86,7.268,7.301
2025-04-30,ОФЗ-26277,94.24,147.63,94.24,7.431,7.309
2025-05-07,ОФЗ-26278,82.12,142.86,82.12,7.538,7.334
2025-05-09,ОФЗ-26279,85.09,180.79,85.09,7.429,7.345
2025-05-14,ОФЗ-26280,98.24,210.03,98.24,7.448,7.376
2025-05-21,ОФЗ-26281,119.39,244.12,119.39,7.504,7.434
2025-05-23,ОФЗ-26282,120.25,191.56,120.25,7.491,7.453
2025-05-28,ОФЗ-26283,129.62,230.51,129.62,7.679,7.505
2025-06-04,ОФЗ-26284,151.86,342.74,151.86,7.676,7.589
2025-06-06,ОФЗ-26285,144.43,280.99,144.43,7.52,7.614
2025-06-11,ОФЗ-26286,146.36,277.88,146.36,7.858,7.682
2025-06-18,ОФЗ-26287,159.58,289.84,159.58,7.94,7.784
2025-06-20,ОФЗ-26288,130.47,249.9,130.47,7.942,7.814
2025-06-25,ОФЗ-26289,113.23,216.53,113.23,7.75,7.89
2025-07-02,ОФЗ-26200,107.27,183.37,107.27,8.08,8.0
2025-07-04,ОФЗ-26201,106.01,181.77,106.01,8.183,8.031
2025-07-09,ОФЗ-26202,97.76,190.31,97.76,8.22,8.11
2025-07-16,ОФЗ-26203,99.41,185.75,99.41,8.313,8.216
2025-07-18,ОФЗ-26204,112.75,180.15,112.75,8.398,8.246
2025-07-23,ОФЗ-26205,121.43,260.52,121.43,8.409,8.318
2025-07-30,ОФЗ-26206,126.21,220.46,126.21,8.588,8.411
2025-08-01,ОФЗ-26207,126.47,222.2,126.47,8.529,8.436
2025-08-06,ОФЗ-26208,144.01,279.75,144.01,8.582,8.495
2025-08-13,ОФЗ-26209,139.74,277.46,139.74,8.718,8.566
2025-08-15,ОФЗ-26210,151.2,314.24,151.2,8.632,8.584
2025-08-20,ОФЗ-26211,141.7,246.03,141.7,8.616,8.624
2025-08-27,ОФЗ-26212,144.97,293.58,144.97,8.746,8.666
2025-08-29,ОФЗ-26213,130.58,251.7,130.58,8.802,8.675
2025-09-03,ОФЗ-26214,98.7,176.24,98.7,8.845,8.691
2025-09-10,ОФЗ-26215,92.47,173.86,92.47,8.854,8.7
2025-09-12,ОФЗ-26216,80.05,175.72,80.05,8.774,8.699
2025-09-17,ОФЗ-26217,79.12,155.94,79.12,8.758,8.691
2025-09-24,ОФЗ-26218,107.21,171.14,107.21,8.698,8.666
2025-09-26,ОФЗ-26219,101.03,202.45,101.03,8.755,8.655
2025-10-01,ОФЗ-26220,135.54,228.97,135.54,8.572,8.624
2025-10-08,ОФЗ-26221,146.73,316.39,146.73,8.648,8.566
2025-10-10,ОФЗ-26222,138.4,214.17,138.4,8.855,8.547
2025-10-15,ОФЗ-26223,142.19,274.95,142.19,8.455,8.495
2025-10-22,ОФЗ-26224,153.12,310.65,153.12,8.504,8.411
2025-10-24,ОФЗ-26225,152.02,276.82,152.02,8.496,8.386
2025-10-29,ОФЗ-26226,120.84,232.93,120.84,8.438,8.318
2025-11-05,ОФЗ-26227,103.21,189.67,103.21,8.219,8.216
2025-11-07,ОФЗ-26228,104.92,216.4,104.92,8.307,8.186
2025-11-12,ОФЗ-26229,102.21,204.49,102.21,8.147,8.11
2025-11-19,ОФЗ-26230,91.07,169.74,91.07,7.966,8.0
2025-11-21,ОФЗ-26231,99.84,218.36,99.84,8.125,7.969
2025-11-26,ОФЗ-26232,118.14,242.76,118.14,8.024,7.89
2025-12-03,ОФЗ-26233,106.34,208.7,106.34,7.786,7.784
2025-12-05,ОФЗ-26234,118.85,233.52,118.85,7.791,7.754
2025-12-10,ОФЗ-26235,122.6,225.14,122.6,7.716,7.682
2025-12-17,ОФЗ-26236,137.08,262.54,137.08,7.537,7.589
2025-12-19,ОФЗ-26237,142.46,219.98,142.46,7.705,7.564
2025-12-24,ОФЗ-26238,137.56,218.92,137.56,7.649,7.505
2025-12-31,ОФЗ-26239,136.83,227.2,136.83,7.487,7.434
2026-01-02,ОФЗ-26240,129.51,235.02,129.51,7.494,7.416
2026-01-07,ОФЗ-26241,118.78,189.99,118.78,7.465,7.376
2026-01-14,ОФЗ-26242,99.24,197.78,99.24,7.434,7.334
2026-01-16,ОФЗ-26243,97.05,191.4,97.05,7.297,7.325
2026-01-21,ОФЗ-26244,92.26,149.08,92.26,7.428,7.309
2026-01-28,ОФЗ-26245,97.44,204.09,97.44,7.286,7.3
2026-01-30,ОФЗ-26246,105.89,167.47,105.89,7.435,7.301
2026-02-04,ОФЗ-26247,97.46,196.99,97.46,7.303,7.309
2026-02-11,ОФЗ-26248,131.73,210.01,131.73,7.31,7.334
2026-02-13,ОФЗ-26249,126.75,250.26,126.75,7.422,7.345
2026-02-18,ОФЗ-26250,139.14,223.24,139.14,7.452,7.376
2026-02-25,ОФЗ-26251,132.15,224.95,132.15,7.522,7.434
2026-02-27,ОФЗ-26252,140.51,301.5,140.51,7.461,7.453
2026-03-04,ОФЗ-26253,138.8,243.95,138.8,7.601,7.505
2026-03-11,ОФЗ-26254,124.86,224.9,124.86,7.692,7.589
2026-03-13,ОФЗ-26255,106.9,223.18,106.9,7.788,7.614
2026-03-18,ОФЗ-26256,108.58,190.66,108.58,7.777,7.682
2026-03-25,ОФЗ-26257,105.0,193.94,105.0,7.816,7.784
2026-03-27,ОФЗ-26258,91.12,150.83,91.12,7.786,7.814
